Apache CouchDB CONTRIBUTORS
===========================

A number of people have made contributions to the Apache CouchDB community,
project, documentation, or code. Some of these people are listed here.

 * William Beh <willbeh@gmail.com>
 * Dirk Schalge <dirk@epd-me.net>
 * Roger Leigh <rleigh@debian.org>
 * Sam Ruby <rubys@intertwingly.net>
 * Carlos Valiente <superdupont@gmail.com>
 * Till Klampaeckel <till@klampaeckel.de>
 * Jim Lindley <web@jimlindley.com>
 * Yoan Blanc <yoan.blanc@gmail.com>
 * Michael Gottesman <gottesmm@reed.edu>
 * Mark Baran <mebaran@gmail.com>
 * Michael Hendricks <michael@ndrix.org>
 * Antony Blakey <antony.blakey@gmail.com>
 * Paul Carey <paul.p.carey@gmail.com>
 * Hunter Morris <huntermorris@gmail.com>
 * Brian Palmer <jira@brian.codekitchen.net>
 * Maximillian Dornseif <md@hudora.de>
 * Eric Casteleijn <eric.casteleijn@canonical.com>
 * Maarten Thibaut <mthibaut@cisco.com>
 * Florian Ebeling <florian.ebeling@gmail.com>
 * Volker Mische <volker.mische@gmail.com>
 * Brian Candler <B.Candler@pobox.com>
 * Brad Anderson <brad@sankatygroup.com>
 * Nick Gerakines <nick@gerakines.net>
 * Kevin Ilchmann Jørgensen <kijmail@gmail.com>
 * Sebastian Cohnen <sebastian.cohnen@gmx.net>
 * Sven Helmberger <sven.helmberger@gmx.de>
 * Dan Walters <dan@danwalters.net>
 * Curt Arnold <carnold@apache.org>
 * Gustavo Niemeyer
 * Joshua Bronson <jabronson@gmail.com>
 * Kostis Sagonas <kostis@cs.ntua.gr>
 * Matthew Hooker <mwhooker@gmail.com>
 * Ilia Cheishvili <ilia.cheishvili@gmail.com>
 * Lena Herrmann <lena@zeromail.org>
 * Jack Moffit <metajack@gmail.com>
 * Damjan Georgievski <gdamjan@gmail.com>
 * Jan Kassens <jan@kassens.net>
 * James Marca <jmarca@translab.its.uci.edu>
 * Matt Goodall <matt.goodall@gmail.com>
 * Joel Clark <unsigned_char@yahoo.com>
 * Matt Lyon <matt@flowerpowered.com>
 * mikeal <mikeal.rogers@gmail.com>
 * Joscha Feth <joscha@feth.com>
 * Jarrod Roberson <jarrod@vertigrated.com>
 * Jae Kwon <jkwon.work@gmail.com>
 * Gavin Sherry <swm@alcove.com.au>
 * Timothy Smith <tim@couch.io>
 * Martin Haaß <MartinHaass@gmx.net>
 * Hans Ulrich Niedermann <hun@n-dimensional.de>
 * Dmitry Unkovsky <oil.crayons@gmail.com>
 * Zachary Zolton <zachary.zolton@gmail.com>
 * Brian Jenkins <bonkydog@bonkydog.com>
 * Paul Bonser <pib@paulbonser.com>
 * Caleb Land <caleb.land@gmail.com>
 * Juhani Ränkimies <juhani@juranki.com>
 * Kev Jackson <foamdino@gmail.com>
 * Jonathan D. Knezek <jdknezek@gmail.com>
 * David Rose <doppler@gmail.com>
 * Lim Yue Chuan <shasderias@gmail.com>
 * David Davis <xantus@xantus.org>
 * Juuso Väänänen <juuso@vaananen.org>
 * Jeff Zellner <jeff.zellner@gmail.com>
 * Gabriel Farrell <gsf747@gmail.com>
 * Mike Leddy <mike@loop.com.br>
 * Wayne Conrad <wayne@databill.com>
 * Thomas Vander Stichele <thomas@apestaart.org>
 * Felix Hummel <apache@felixhummel.de>
 * Tim Smith <tim@couchbase.com>
 * Dipesh Patel <dipthegeezer.opensource@googlemail.com>
 * Sam Bisbee <sam@sbisbee.com>
 * Nathan Vander Wilt <natevw@yahoo.com>
 * Caolan McMahon <caolan.mcmahon@googlemail.com>
 * Andrey Somov <trophybase@gmail.com>
 * Chris Coulson <chrisccoulson.googlemail.com>
 * Trond Norbye <trond.norbye@gmail.com>
 * Christopher Bonhage <queezey@me.com>
 * Christian Carter <cdcarter@gmail.com>
 * Lukasz Mielicki <mielicki@gmail.com>
 * Omar Yasin <omarkj@gmail.com
 * Matt Cooley <matt@mattcooley.net>
 * Simon Leblanc <sim.leblanc+apache@gmail.com>
 * Rogutės Sparnuotos <rogutes@googlemail.com>
 * Gavin McDonald <gmcdonald@apache.org>
 * Fedor Indutny <fedor@indutny.com>
 * Tim Blair
 * Tady Walsh <hello@tady.me>
 * Sam Rijs <recv@awesam.de>
 * Benjamin Anderson <b@banjiewen.net>
    50	Adam Kocoloski <adam.kocoloski@gmail.com>
   860	Adam Kocoloski <adam@cloudant.com>
 * Adam Lofts <Adam.Lofts@gmail.com>
 * Adriano Melo <github@adrianomelo.com>
 * Alex Anderson <anderson@medicmobile.org>
 * Alexander Dorofeev <aka.spin@gmail.com>
 * Alexander Shorin <kxepal@gmail.com>
 * AlmightyJu <almightyju@arandomworld.co.uk>
 * Andrey Somov <trophybase@gmail.com>
 * Andy Wenk <andy@nms.de>
 * Anthony Ananich <anton.ananich@inpun.com>
 * Anthony S Baker <anthony.s.baker@gmail.com>
 * Artur Mazurek <artur.s.mazurek@gmail.com>
 * Bastian Krol <bastian.krol@web.de>
 * Ben Keen <ben.keen@gmail.com>
 * Ben Reser <ben@reser.org>
 * Ben Russell <ben@benru.co.uk>
    36	Benjamin Anderson <b@banjiewen.net>
    64	Benjamin Bastian <benjamin.bastian@gmail.com>
 * Benjamin Keen <ben.keen@gmail.com>
 * Benjamin Nortier <bjnortier@gmail.com>
    28	BigBlueHat <byoung@bigbluehat.com>
    83	Bob Dionne <bob@cloudant.com>
 * Bob Dionne <dionne@dionne-associates.com>
    18	Bob Ippolito <bob@redivi.com>
    86	Brad Anderson <brad@cloudant.com>
 * Brad Anderson <brad@sankatygroup.com>
 * Breno Leitao <breno.leitao@gmail.com>
 * Brian Mitchell <brian@cloudant.com>
 * Brian Mitchell <brian@p2p.io>
 * Bryan Green <dbgreen@us.ibm.com>
 * Caleb Case <calebcase@gmail.com>
 * Chris Snow <chsnow123@gmail.com>
 * Christian Hogan <github@infliction.org>
 * Christoph <xrstf-git@yahoo.com>
 * Christopher Bonhage <queezey@me.com>
 * CliffS <cliff@may.be>
 * Dale Harvey <dale@arandomurl.com>
 * Damjan Georgievski <gdamjan@gmail.com>
 * Daniel Münch <dani.munch@gmail.com>
    14	Dirkjan Ochtman <dirkjan@ochtman.nl>
 * Dustin Sallings <dustin@spy.net>
 * Egon Kastelijn <github@kastelijn.nu>
 * Eric Avdey <e.avdey@cloudant.com>
   148	Eric Avdey <eiri@eiri.ca>
 * Ewan McDougall <mrloop@mrloop.com>
 * Fabian Ising <f.ising@gmail.com>
 * Fedor Indutny <fedor.indutny@gmail.com>
 * Filippo Fadda <filippo.fadda@gmail.com>
 * Frederick Kaempfer <frederick.kaempfer@gmail.com>
   210	Garren Smith <garren.smith@gmail.com>
 * Geoff Cox <redgeoff@gmail.com>
 * H. Diedrich <hdiedrich@eonblast.com>
   464	ILYA Khlopotov <iilyak@ca.ibm.com>
 * Iuri Diniz <iuridiniz@gmail.com>
 * Jakub <jakub.oboza@gmail.com>
 * Jason Smith (work) <jason.h.smith@gmail.com>
 * Jason Smith (work) <jhs@iriscouch.com>
 * Jason Smith (work) <jhs@nodejitsu.com>
 * Javier Candeira <javier@candeira.com>
    31	Jay Doane <jay.s.doane@gmail.com>
 * Jens Rantil <jens.rantil@gmail.com>
    87	Joan Touzet <joant@atypical.net>
    20	Joan Touzet <wohali@atypical.net>
    14	Joan Touzet <wohali@users.noreply.github.com>
 * Joe <joe@ubuntu.localdomain>
 * Joel Reed <joelwreed@gmail.com>
 * Johannes J. Schmidt <jo@die-tf.de>
 * Johannes J. Schmidt <schmidt@netzmerk.com>
 * John Samuel <johnsamuelwrites@users.noreply.github.com>
 * Julian <almightyju@arandomworld.co.uk>
 * Julian Duque <julianduquej@gmail.com>
 * Keith Gable <kgable@decisionpt.com>
 * Keks Keksov <keksov@gmail.com>
    50	Klaus Trainer <klaus_trainer@posteo.de>
 * Kyle Snavely <ksnavely@cloudant.com>
 * Kyle Snavely <kyle@cloudant.com>
 * Levi McAuley <levi@leviaul.com>
 * Lucas Satabin <lucas.satabin@gnieh.org>
 * Luis Gerhorst <luis@luisgerhorst.de>
 * Magnus Hoff <maghoff@gmail.com>
 * Mariano Guerra <luismarianoguerra@gmail.com>
 * Martin Higham <martin@ocastalabs.com>
 * Matt <matt@brookes.net>
 * Mayya Sharipova <mayya.sharipova@gmail.com>
    11	Mayya Sharipova <mayyas@ca.ibm.com>
 * Micah Anderson <micah@riseup.net>
 * Michael Hall <mhall119@ubuntu.com>
 * Michael Jackson <mjijackson@gmail.com>
 * Michael Rhodes <mike.rhodes@gmail.com>
 * Michael Wallace <mikewallace1979@googlemail.com>
 * Michael Wheeler <mpwheeler@gmail.com>
 * Michaël Zasso <mic.besace@gmail.com>
 * Mike Fair <michael@daclubhouse.net>
 * Mike McKay <mike@vdomck.org>
    17	Mike Wallace <mikewallace1979@googlemail.com>
 * Muaaz Saleem <muaazsaleem@outlook.com>
 * Nick Vatamaniuc <nickva@users.noreply.github.com>
    53	Nick Vatamaniuc <vatamane@gmail.com>
 * NickNorth <North.N@gmail.com>
 * Noah Slater <nslater@tumbolia.org>
 * Oscar Reinecke <reinecke@posteo.de>
   730	Paul J. Davis <paul.joseph.davis@gmail.com>
 * Paul J. Davis <paul@cloudant.com>
 * Paul Mietz Egli <paul@obscure.com>
 * Pedram Nimreezi <deadzen@deadzen.com>
 * Peter Dave Hello <hsu@peterdavehello.org>
 * Peter Lemenkov <lemenkov@gmail.com>
 * Robert Dionne <bitdiddle@shadow.local>
    51	Robert Dionne <bob@cloudant.com>
   104	Robert Kowalski <rok@kowalski.gd>
   225	Robert Newson <robert.newson@cloudant.com>
    11	Robert Newson <robert.newson@gmail.com>
 * Robin Berjon <robin@berjon.com>
 * Robin Drexler <drexler.robin@gmail.com>
 * Ronny Pfannschmidt <Ronny.Pfannschmidt@gmx.de>
   126	Russell Branca <chewbranca@gmail.com>
 * Ryan Ramage <ryan.ramage@gmail.com>
 * Sam Smith <sam.smith@cloudant.com>
 * Samuel Tardieu <sam@rfc1149.net>
    78	Simon Metson <simon+github@cloudant.com>
    10	Simon Metson <simonmetson+github@googlemail.com>
 * Sriram Melkote <siri@couchbase.com>
 * Stefan Kögl <stefan@skoegl.net>
 * Stefano J. Attardi <stefano@attardi.org>
 * Sven Lito <me@svenlito.com>
 * Terin Stock <terinjokes@gmail.com>
 * Tony <tonysun@us.ibm.com>
 * Tony Sun <llamage@Tonys-MacBook-Pro.local>
    10	Tony Sun <tony.sun427@gmail.com>
    75	Tony Sun <tony.sun@cloudant.com>
    10	Volker Mische <volker.mische@gmail.com>
 * Wei Cao <cyg.cao@gmail.com>
 * Wendall Cada <wendallc@83864.com>
    32	Will Holley <willholley@gmail.com>
 * William Cummings <wcummings@hubspot.com>
 * brkolla <bkolla@cloudant.com>
 * dileepbapat <dileepbapat@gmail.com>
 * ermouth <ermouth@gmail.com>
    10	garren smith <garren.smith@gmail.com>
    15	iilyak <iilyak@ca.ibm.com>
 * jiangphcn <jiangph@cn.ibm.com>
 * joewilliams <joe@der-dieb.local>
 * karlin <karlin@atomicobject.com>
 * katsel <katsel@users.noreply.github.com>
 * kim yongbin <kybinz@gmail.com>
 * lazedo <luis.azedo@factorlusitano.com>
    10	michellephung <michellephung@gmail.com>
 * nvdev <modestdev@gmail.com>
 * robfraz <rob.frazier+github@cloudant.com>
 * sean barclay <fudd1011@hotmail.com>
 * sebastianrothbucher <sebastianrothbucher@googlemail.com>
    76	suelockwood <deathbearbrown@gmail.com>
 * telis94 <dossas07@hotmail.com>
 * thriqon <github@jonasw.de>
 * tonysun83 <root@debian.tonylinux>
 * wohali <joant@ieee.org>
 * Ólafur Arason <olafura@olafura.com>

For a list of authors see the `AUTHORS` file.
